SiteID,X,Y,Location
1,316067,234568,ABBEY ST MARLBOROUGH ST
2,316780,235268,AMIENS STREET SEVILLE PLACE PORTLAND ROW
3,316534,234866,AMIENS STREET TALBOT STREET
4,317185,235961,ANNESLEY PL POPLAR ROW
5,313737,235301,AUGHRIM ST NORTH CIRCULAR RD
6,316909,232975,BAGGOT STREET BRIDGE
7,316650,233251,BAGGOT STREET FITZWILLIAM STREET
8,317070,232851,BAGGOT STREET WATERLOO ROAD
9,317019,235993,BALLYBOUGH ROAD CLONLIFFE ROAD
10,313600,239100,BALLYGALL RD WEST CLUNE ROAD
11,315507,239064,BALLYMUN RD GLASNEVIN AV COLLINS AV
12,315350,237900,BALLYMUN RD GRIFFITH AV
13,315485,238719,BALLYMUN RD ST PAPPINS RD
14,318583,233436,BATH STREET BEACH ROAD
15,317631,238690,BEAUMOUNT RD SHANTALLA RD
16,316250,234610,BERESFORD STREET ABBEY STREET LOWER
17,316233,234525,BERESFORD PLACE EDEN QUAY
18,315240,235863,BERKELEY ROAD NORTH CIRCULAR ROAD
19,314437,234378,BLACKHALL PLACE BENBURB STREET
20,314467,234675,BLACKHALL PL NORTH KING ST
21,315242,234800,BOLTON STREET CAPEL STREET
22,315324,233383,BRIDE ST KEVIN ST
23,314149,235900,CABRA RD ANNAMOE TERRACE
24,315626,232879,CHARLOTTE STREET CAMDEN ST NEW ROAD
25,315636,232757,CAMDEN ST (KELLYS CNR) HARCOURT ROAD HARRINGTON STREET
26,315385,234261,CAPEL STREET  NORTH QUAYS  BRIDGE
27,312332,238987,CAPPAGH RD CARDIFFSBRIDGE RD
29,315950,234971,CATHAL BRUGHA ST MARLBOROUGH ST
30,310188,234329,CHAPELIZOD RD BALLYFERMOT HILL
31,310414,234403,CHAPELIZOD RD MARTINS ROW
32,315287,236949,BOTANIC RD ST MOBHI RD FAIRFIELD RD
33,315954,232503,CHARLEMONT ST GRAND PARADE
34,315762,232770,CHARLEMONT STREET HARCOURT ROAD
35,315143,233913,NICHOLAS ST HIGH ST CHRISTCHURCH PLACE
36,314943,234690,CHURCH ST NORTH KING ST
37,314871,234183,CHURCH STREET  BRIDGE
38,314945,232709,CLANBRASSIL ST SOUTH CIRCULAR RD (LEONARDS CORNER)
39,316536,233743,CLARE ST MERRION SQ
40,316367,236116,CLONLIFFE ROAD JONES ROAD
41,319249,235932,CLONTARF RD CASTLE AV
42,312150,233820,CONCOLBERT MEMORIAL PARK
43,317228,238198,COLLINS AV GRACE PARK RD
44,315021,235175,CONSTITUTION HILL WESTERN WAY FLATS
45,312711,234436,CONYNGHAM ROAD
46,313416,232421,CRUMLIN RD DOLPHINS BARN BRIDGE
47,313442,232421,CRUMLIN RD SUNDRIVE RD
48,315440,234041,DAME STREET
49,315640,234050,DAME STREET GEORGES STREET
50,315752,234061,DAME STREET TRINITY STREET
51,315984,230179,DARTRY RD ORWELL PK
52,315861,230367,Dartry Road  Temple Road
53,313397,232817,DOLPHIN RD HERBERTON RD
54,313882,232814,SCR  DOLPHINS BARN
55,315847,235886,DORSET ST BELVEDERE RD
56,315346,235016,DORSET ST DOMINICK ST
57,315633,235529,DORSET ST ECCLES ST
58,315543,235366,BLESSINGTON ST DORSET ST
59,315742,235708,DORSET ST GARDINER ST
60,315435,235165,DORSET ST GRANBY ROW
61,315794,235793,DORSET ST NORTH CIRCULAR ROAD
62,311450,231700,DRIMNAGH RD WALKINSTWON RD
63,315995,236194,DRUMCONDRA ROAD CLONLIFFE ROAD
64,316472,237592,GRIFFITH ROAD SWORDS ROAD DRUMCONDRA ROAD
65,316344,237240,DRUMCONDRA RD HOME FARM RD
66,316186,236792,DRUMCONDRA RD RICHMOND RD
67,315906,236017,DRUMCONDRA ROAD WHITWORTH ROAD
69,323625,238774,DUBLIN RD KILBARRACK RD HOWTH
70,316038,232911,EARLSFORT TCE HATCH STREET
71,311888,233439,EMMET RD TYRCONNELL RD
72,317437,236152,FAIRVIEW FAIRVIEW STRAND EDGES CORNER
73,317980,236330,FAIRVIEW MALAHIDE ROAD HOWTH ROAD
74,313735,236507,FASSAUGH AV CARNLOUGH RD
75,316891,233756,FENIAN ST HOLLES ST
76,315942,235462,GARDINER ST MOUNTJOY SQUARE
77,317643,233318,GRAND CANAL ST HADDINGTON RD
78,321969,239430,GRANGE RD KILBARRACK RD
80,316948,237391,GRIFFITH AV GRACE PARK RD
81,314930,232419,HAROLD'S CROSS BDGE
82,314744,231333,HAROLD'S CROSS ROAD LEINSTER ROAD
83,314751,232000,HAROLD'S CROSS RD PARK
84,314723,231167,HAROLD'S CROSS ROAD RATHGAR AVE
85,315405,232734,HEYTESBURY ST S.C.R.
86,320216,237636,HOWTH RD BROOKWOOD AV
87,318293,236545,HOWTH RD COPELAND AVENUE
88,321501,238219,HOWTH RD STATION RD
90,322202,237531,JAMES LARKIN RD WATERMILL RD
91,313274,239124,JAMESTOWN RD MCKEE AV SEAMUS ENNIS RD
92,318392,233577,IRISHTOWN RD BATH RD
93,318443,233410,IRISHTOWN RD LONDONBRIDGE RD
94,315504,234418,ABBEY STREET JERVIS STREET
95,315462,234553,JERVIS ST MARY ST HENRY ST
96,312722,231874,KILDARE RD WINDMILL RD
97,313969,231238,KIMMAGE RD LOWER SUNDRIVE RD
98,313544,230623,RAVENSDALE PARK KCR KIMMAGE ROAD
99,313050,230500,KIMMAGE RD WEST LORCAN O'TOOLE PK
100,313050,230500,KIMMAGE RD WEST WHITEHALL RD
101,310381,232198,KYLEMORE RD OLD NAAS RD
102,316597,232104,LEESON PK CHELMSFORD RD
103,316832,232352,APPIAN WAY LEESON ST
104,316425,232724,LEESON ST BRIDGE
105,310600,231650,LONG MILE RD WALKINSTOWN AV
106,309748,234686,LUCAN ROAD KYLEMORE ROAD
107,318585,237611,MALAHIDE ROAD COLLINS AVENUE
108,318071,236774,MALAHIDE ROAD GRIFFITH AVE.
109,319163,238123,MALAHIDE RD KILMORE RD
110,320164,239435,MALAHIDE ROAD TONLEGEE ROAD
111,318941,231498,MERRION RD AILESBURY RD
112,317927,232405,MERRION ROAD ANGLESEA RD
113,319177,231301,MERRION ROAD NUTLEY LANE
114,318348,232148,MERRION ROAD SANDYMOUNT AVE
115,316364,233402,MERRION ST MERRION ROW
116,316829,233574,MERRION SQUARE HOLLES ST
117,316800,230350,MILLTOWN RD DUNDRUM RD
118,317263,231944,MOREHAMPTON RD HERBERT PK
119,315407,237120,MOBHI ROAD BOTANIC AVENUE
120,317241,233369,MOUNT ST BRIDGE WARRINGTON PL
121,316064,235556,MOUNTJOY SQUARE BELVEDERE PLACE
122,315315,235230,MOUNTJOY ST WESTERN WAY
123,315951,231758,MOUNTPLEASENT AV CHARLESTON RD
124,310474,231997,NAAS RD KYLEMORE RD
125,312666,236290,NAVAN RD NEPHIN RD
126,315128,233640,BULL ALLEY ST NICHOLAS STREET BRIDE ROAD
127,314842,235872,NORTH CIRCULAR ROAD CABRA ROAD
128,315942,235743,NORTH CIRCULAR ROAD BELVEDERE ROAD
129,316239,235647,NORTH CIRCULAR ROAD FITZGIBBON ST
130,313378,234887,NCR INFIRMARY RD
131,313112,239100,NORTH RD MELLOWES RD
132,317281,235971,NORTH STRAND RD EAST WALL RD
133,317412,233193,NORTHUMBERLAND RD HADDINGTON RD
134,317596,232750,NORTHUMBERLAND ROAD PEMBROKE ROAD
136,315401,229912,ORWELL RD ORWELL PK
137,316017,231457,PALMERSTON RD BELGRAVE RD
138,313600,234447,INFIRMARY ROAD  PARKGATE STREET
139,314359,232485,PARNELL ROAD CLOGHER ROAD
140,315668,235188,PARNELL SQUARE NORTH FREDERICK ST
141,316094,235182,PARNELL STREET SUMMERHILL
142,315114,233450,DEAN STREET
143,316942,233976,PEARSE ST ERNE ST
144,317203,233928,PEARSE ST MACKEN ST
145,316812,234013,PEARSE ST SANDWITH ST SANDWITH ST UPPER
146,316616,234077,PEARSE ST WESTLAND ROW LOMBARD ST
147,317831,232475,PEMBROKE ROAD SHELBOURNE ROAD
148,315022,236073,PHIBSBORO ROAD CONNAUGHT ST
149,315022,235883,PHIBSBORO ROAD NORTH CIRCULAR ROAD DOYLES CORNER
150,315071,236318,PHIBSBORO ROAD WHITWORTH ROAD
151,313993,235469,NCR  PRUSSIA ST
152,314568,234312,QUEEN STREET BRIDGE  QUEEN STREET
153,316379,231913,RANELAGH FIELDS TERRACE
155,315050,230460,ORWELL ROAD RATHGAR ROAD TERENURE ROAD
156,315310,231039,RATHGAR RD FRANKFORT AV
157,315667,232449,RATHMINES ROAD CANAL ROAD RATHMINES BRIDGE
158,315604,231643,RATHMINES ROAD CASTLEWOOD AVENUE
159,315793,230601,RATHMINES RD HIGHFIELD RD DARTRY RD
160,317841,233808,RINGSEND RD SOUTH LOTTS RD
161,320076,237587,HOWTH RD KILLESTER CHURCH
162,315466,237877,ST MOBHI RD GRIFFITH AV
163,316129,233181,ST STEPHENS GREEN  EARLSFORT TCE
164,315770,233320,SAINT STEPHENS GREEN  HARCOURT STREET
165,317204,231240,SANDFORD ROAD  MILLTOWN ROAD & PED
166,316154,235049,GARDINER STREET  SEAN MACDERMOTT STREET
167,317828,232953,SHELBOURNE ROAD  LANDSDOWNE ROAD
168,317574,234769,SHERIFF STREET  WAPPING STREET
170,314387,232615,SOUTH CIRCULAR ROAD DONORE AVENUE
171,312772,233588,EMMET ROAD  SOUTH CIRCULAR ROAD
172,312752,233912,SOUTH CIRCULAR ROAD  ST JOHNS ROAD
173,315575,233745,GEORGES STREET  STEPHENS STREET
174,317874,231329,STILLORGAN ROAD  ANGLESEA ROAD
175,318488,230748,STILLORGAN ROAD NUTLEY LANE
176,312870,233141,SUIR ROAD  DAVITT ROAD
177,313534,231945,SUNDRIVE ROAD  CLOGER ROAD
178,316554,235506,NORTH CIRCULAR ROAD  SUMMERHILL
179,316862,238353,SWORDS ROAD  COLLINS AVE
180,316875,238918,SWORDS RD LARKHILL RD
181,316720,239166,SWORDS RD SHANOWEN RD
182,316274,234795,GARDINER STREET TALBOT STREET
183,316234,234430,TARA STREET GEORGE'S QUAY
184,316230,234368,TARA STREET POOLBEG STREET
185,316233,234265,TARA STREET TOWNSEND STREET
187,314461,230214,TERENURE CROSS
188,316431,234257,TOWNSEND STREET MOSS STREET
189,311392,232827,TYRCONNELL RD DAVITT RD
190,314328,234343,WATLING STREET  BRIDGE
191,316540,233840,WESTLAND ROW LINCOLN PLACE
192,315558,233317,WEXFORD ST KEVIN ST
193,315127,234119,WINETAVERN STREET  WOOD QUAY
194,317205,235793,NORTH STRAND RD ANNESLEY PLACE
196,315977,234356,O'CONNELL BRIDGE ASTON QUAY
197,315958,234447,BACHELORS WALK
198,315935,234529,ABBEY ST O'CONNELL ST
199,315891,234678,HENRY STREET EARL STREET
200,315824,234926,O'CONNELL STREET CATHAL BRUGHA STREET
201,315805,234990,O'CONNELL STREET PARNELL STREET
202,315715,234908,PARNELL STREET PARNELL SQUARE DOMINICK STREET
203,316622,235028,AMIENS ST AT BUCKINGHAM ST
204,319134,238834,ARDLEA ROAD  SCHOOL
205,315551,233538,AUNGIER ST YORK ST
206,316509,233344,BAGGOT STREET  PEMBROKE STREET
207,316839,235785,BALLYBOUGH ROAD  BAYVIEW AVENUE
208,316756,235698,BALLYBOUGH ROAD  CANAL BRIDGE
209,309261,233755,BALLYFREMOT RD  DRUMFIN ROAD
210,309400,233730,BALLYFERMOT RD  GALA
211,309499,233722,BALLYFERMOT WEST OF RBT  ROUNDABOUT
212,314761,238177,BALLYGALL RD EAST HILLCREST ESTATE
213,313969,239167,BALLYGALL RD WEST GROVE RD
214,315080,239130,GLASNEVIN AV GLASNEVIN DRIVE
215,315565,239359,BALLYMUN RD ST MICHAELS (OOT)
216,315202,236770,BOTANIC ROAD MARGUERITE
218,318057,233835,BRIDGE ST RINGSEND CHURCH
219,315470,238946,BALLYMUN RD SCHOOL
220,315602,233080,CAMDEN ST PLEASANTS ST
221,312321,238611,CARDIFFSBRIDGE RD WELLLMOUNT AVE
222,310842,234230,Chapelizod Road  Park Gate
223,321057,236039,CLONTARF RD BULL WALL
224,320572,235786,CLONTARF RD CONQUER HILL RD
226,315957,234092,COLLEGE GREEN GRAFTON STREET
229,315975,234202,COLLEGE GREEN WESTMORELAND STREET
230,315997,234184,COLLEGE STREET COLLEGE GREEN
232,316095,234261,D'OLIER STREET FLEET STREET
233,315797,238953,Collins Avenue  Albert Green Park
234,316498,238564,Collins Avenue  Falcarrag Road
235,314770,236118,Connaught Street  St. Peters Road
236,314507,233365,CORK ROAD ORMOND ROAD
237,313430,232445,CRUMLIN RD LORETO CONVENT
238,313255,232347,CRUMLIN RD SHOPPING CENTRE
242,315764,235297,DENMARK ST NORTH GREAT GEORGES
243,317554,231642,DONNYBROOK RD GARDA STATION
246,316256,231503,DUNVILLE AVE BEECHWOOD (LUAS)
247,317475,235735,EAST WALL RD FOOTBRIDGE
248,317221,236156,FAIRVIEW STRAND PHILIPSBURG AVE
249,314480,237001,FINGLAS RD CLAREMONT COURT
250,315082,236455,FINGLAS RD (OOT) LINDSAY RD
253,315533,235096,GRANBY ROW PARNELL SQUARE
254,317167,233584,GRAND CANAL ST MACKEN ST
255,316203,237681,GRIFFITH AV CLARE RD
256,317762,236954,GRIFFITH AV ST DECLAN TERRACE
257,315724,233086,HARCOURT ST CAMDEN PLACE PED (LUAS)
258,314883,232294,HAROLDS CROSS RD LE VERE TERRACE
259,314717,231671,HAROLDS CROSS RD PARK VIEW AV
260,315360,233086,HEYTESBURY ST HOSPITAL
261,319509,237125,HOWTH RD DUNSEVERICK RD
262,322208,238210,HOWTH RD ST ASSAMS RD EAST
263,322447,239407,KILBARRACK RD SWANSNEST AV
264,318825,238880,KILMORE RD ARDLEA RD
265,312617,231785,MOUNT ARGUS PED
266,309693,233194,LE FANU RD KYLEMORE AV
268,316261,232977,LEESON STREET LOWER PEMBROKE STREET HATCH STREET
269,316418,233085,CLARE ST  LINCOLN PLACE
271,318414,237356,MALAHIDE RD  DONNYCARNEY ROAD
272,315856,234080,DAME STREET  CHURCH LANE
274,314389,233621,MARROWBONE LANE  SUMMER ST
275,319454,231173,MERRION RD  HERBERT AVENUE
276,316837,230551,MILLTOWN  SCHOOL
277,317264,231940,MOREHAMPTON RD  NR HERBERT PK
279,312302,236484,NAVAN RD  CHURCH (NEAR BAGGOT ROAD)
280,315088,233165,NEW STREET  LONG LANE
281,317146,235684,NORTH STRAND PEDESTR  AT IVY CHURCH
282,316965,235479,NORTH STRAND RD  NEWCOMEN BRIDGE
285,315700,234340,HALFPENNY BRIDGE  NORTH QUAYS  MILLENIUM (NORTH)
286,316002,235136,PARNELL STREET  AT HILL STREET
288,316429,234133,PEARSE STREET  SHAW STREET
290,315002,235646,PHIBSBORO RD  MONCK PL
291,317293,237061,PHILISBURGH AV @ SHOPS
292,321850,239308,RAHENY RD SWANSNEST RD
295,315613,231821,RATHMINES RD LEINSTER RD
297,315657,232623,RICHMOND ST SOUTH LENNOX ST
298,315500,237526,MOBHI ROAD  SCOIL CAITRIONA
301,316234,233443,ST STEPHENS GREEN  NTH EAST CORNER SUMMERHILL
302,316807,231630,SANDFORD ROAD  MARLBORO ROAD
303,318890,232855,SANDYMOUNT RD  SHOPS
304,312769,233629,SCR RIALTO BRIDGE
305,315632,233928,GEORGES ST  EXCHEQUER ST
308,313805,231141,SUNDRIVE RD  BLARNEY PK
309,313585,231815,SUNDRIVE RD  CONVENT
311,313577,229282,TEMPLEOGUE RD  FORTFIELD RD
312,314514,230744,TERENURE RD NTH  ASHDALE RD
313,314728,233882,THOMAS ST  JOHNS LANE
314,320200,239191,TONLEGEE RD @ SHOPS
316,310846,231223,WALKINSTOWN AV  WALKINSTOWN GREEN
318,316590,233995,WESTLAND ROW  STH OF PEARSE ST
319,310024,233645,BALLYFERMOT STH OF RBT  ROUNDABOUT
320,310000,233817,BALLYFERMOT NRTH OF RBT  ROUNDABOUT
322,310261,232456,KYLEMORE RD  BLUEBELL AV
323,319534,238464,MALAHIDE ROAD  BRENDANS AVE
324,315274,233643,BRIDE STREET  GOLDEN LANE
325,312715,232138,CRUMLIN RD  IVY GARDENS
326,312902,232208,CRUMLIN RD  IVY GROUNDS
327,314014,237750,FINGLAS RD  OLD FINGLAS RD
328,315961,233966,GRAFTON ST  SUFFOLK ST
329,317330,231097,Clonskeagh Road  Hospital
330,316059,232294,RANELAGH ROAD  NORTHBROOK ROAD
331,318973,237942,MALAHIDE RD  KILLESTER AV(ST DAVIDS)
332,316714,237986,SWORDS ROAD  PLUNKETT SCHOOL
333,312480,233052,FOOTBRIDGE  BENBULBIN DAVITT RD
334,316738,236050,CLONLIFFE ROAD  CLONLIFFE GARDENS
335,314757,237936,GRIFFITH AV EXT  BALLYGALL RD EAST
336,314928,234460,CHURCH ST  MAY LANE
337,315839,232649,CHARLEMONT ST  FLATS
340,313719,238230,FINGLAS RD  PREMIER DAIRIES (ITT)
341,313709,238292,FINGLAS RD  PREMIER DAIRIES (OOT)
342,317110,231342,SANDFORD RD  BELMONT AV
343,312728,234157,SOUTH CIRCULAR ROAD  ISLANDBRIDGE @ FLATS  @FLATS
344,314335,235903,CABRA RD  DOWTH AV
345,316233,234196,PEARSE STREET  TARA STREET
346,316188,236793,DRUMCONDRA RD  ST PATRICKS COLLEGE
347,315086,236450,PROSPECT RD  LINDSAY RD (ITT)
348,308685,233820,BALLYFERMOT ROAD CLEGGAN PARK
349,316962,232087,CLOGHER ROAD  RUTLAND AV
351,314963,234768,CHURCH ST  BRUNSWICK ST
352,316078,233923,DAWSON ST  NASSAU ST
353,316448,234627,BERESFORD PLACE PED
354,316434,234645,BERESFORD PLACE  MEMORIAL ROAD AMIENS STREET
355,316468,234534,CUSTOM HOUSE QUAY  MEMORIAL BRIDGE MEMORIAL ROAD
356,316427,234420,MEMORIAL BRIDGE  GEORGE'S QUAY
358,315032,234983,CONSTITUTION HILL  @ FLATS
359,313478,233714,MOUNT BROWN  CAMAC STORES
360,316014,233537,ST STEPHENS GREEN  DAWSON ST
361,315444,237986,BALLYMUN RD  ST MOBHI ROAD (ITT)
362,315655,232305,RATHMINES ROAD  CHURCH
363,315634,232128,RATHMINES RD  MILITARY RD
366,314655,233881,THOMAS STREET  MEATH STREET  JOHN'S LANE
367,314901,233938,BRIDGE ST  CORNMARKET
368,314854,233911,THOMAS ST  FRANCIS ST
369,314521,233917,THOMAS STREET BRIDGEFOOT STREET
370,313824,234220,ST JOHNS RD WEST STEEVENS LANE
371,312319,238655,CARDIFFSBRIDGE RD  SHOPPING CENTRE
372,311991,233668,INCHICORE RD  GRATTAN
374,311535,233008,TYRCONNELL RD  RING TERRACE
375,318434,232037,MERRION RD ALLIED IRISH BANKS
377,321458,238368,STATION RD  RAILWAY BRIDGE
378,316390,230076,MILLTOWN RD  CHURCHTOWN RD
379,311921,231805,DRIMNAGH RD  ERRIGAL RD
380,320876,239360,TONLEGEE RD  TONLEGEE AV
381,319475,239457,OSCAR TRAYNOR RD COOLOCK DRIVE
382,315121,237584,OLD FINGLAS RD HOLY FAITH CONVENT
383,318173,232299,MERRION ROAD SERPENTINE AV & PED
384,321247,239403,TONLEGEEE RD MILLBROOK RD
386,318898,239790,OSCAR TRAYNOR RD KILMORE RD
387,314748,233554,MEATH ST THE COOMBE
388,318449,240036,OSCAR TRAYNOR CLONSHAUGH INDUS EST
390,312171,231830,CRUMLIN RD KILDARE RD
391,316945,230835,MILLTOWN ROAD RAMLEH PARK
394,314450,229898,RATHFARNHAM RD BUSHY PARK RD
395,312261,231949,CRUMLIN ROAD COOLEY ROAD
396,311576,236794,NAVAN ROAD ASHTOWN GROVE
397,313866,233950,JAMES STREET STEEVENS LANE  BOW LANE
399,314278,233949,JAMES ST WATLING ST
402,315885,233587,ST STEPHENS GREEN GRAFTON ST
403,316330,234666,BERESFORD PLACE GARDINER STREET ABBEY ST
404,313801,234413,PARKGATE STREET HEUSTON BRIDGE
405,315080,236620,HARTS CORNER
406,,,FINGLAS RD  ST VINCENTS SCHOOL
408,313836,235921,CABRA RD  QUARRY RD
410,310306,231917,NAAS RD CARRIGLEA INDUSTRIAL ESTATE
411,319377,231212,MERRION RD MERRION VILLAGE
412,310093,233737,BALLYFERMOT EAST OF RBT
416,315816,235345,GARDINER PLACE TEMPLE ST
418,315351,234382,CAPEL STREET ABBEY STREET
419,315418,234719,JERVIS STREET PARNELL STREET ILAC CENTRE
420,313885,234286,VICTORIA QUAY ST JOHN'S ROAD
421,316175,233482,ST STEPHENS GREEN KILDARE ST
422,313338,235944,NAVAN RD RATOATH RD
423,313271,233405,SCR BROOKFIELD RD
424,313200,237200,BROOMBRIDGE
425,318774,238699,KILMORE RD ROUNDABOUT
428,316586,236586,GRACE PK RD ST JOSEPHS
429,314453,235665,NCR CHARLEVILLE RD
430,314746,238299,BALLYGALL RD EAST FITZMAURICE RD
431,318306,238625,SKELLYS LANE MONTROSE AV ST AGNES
432,315472,235843,NCR GLENGARIFF PARADE
433,312388,239093,MELLOWS RD COMMUNITY CENTRE/ KILDONAN ROAD
434,,,Stannaway Rd @ Cashel Rd
435,314152,236269,FAUSSAGH RD ST EITHNE RD
437,314506,230439,TERENURE RD NTH @ CLINIC
438,314319,234937,MANORSTREET MANOR PLACE KIRWAN STREET
439,316672,234225,TOWNSEND ST LOMBARD ST
441,319658,231046,MERRION GATES
443,318396,236230,CLONTARF ROAD EMBANKMENT ROAD ALFIE BYRNE ROAD
444,317745,235813,POS EMBANKMENT RD
445,317624,235602,EAST WALL RD ALFIE BYRNE ROAD
447,312687,240030,NORTH RD PLUNKETT AV
448,317443,231727,MOREHAMPTON RD BELMONT AV
451,,,STRAND RD ROSLYN PK BRAY
452,318536,231930,MERRION RD SHREWSBURY RD
453,310179,232927,KYLEMORE RD REHAB CENTRE
454,316294,233850,NASSAU ST KILDARE ST MOLESWORTH ST
455,312951,236139,NAVAN RD SKREEN RD
456,320164,239434,MALAHIDE RD GREENCASTLE RD
457,323301,239012,KILBARRACK RD KILBARRACK AV
458,314069,237539,FINGLAS RD BALLYBOGGAN RD
459,314294,237182,FINGLAS RD SLANEY RD
460,314923,230839,RATHGAR AV GARVILLE AV
461,318237,237020,MALAHIDE RD MOUNT TEMPLE
462,317242,237030,GRAND CANAL ST CLANWILLIAM PL
463,311739,233273,TYRCONNELL RD TYRCONNELL PK
464,313607,230714,KIMMAGE RD CORRIB RD
465,316745,233411,MERRION SQUARE UPPER MOUNT ST
466,320488,239698,MALAHIHDE RD DARNDALE (ITT)
467,320676,240058,MALAHIDE RD DARNDALE (OOT)
468,322271,239939,GRANGE RD NEWBROOK AV
470,312009,236592,NAVAN RD BAGGOT RD KINVARA
471,311142,230926,WALKINSTOWN AV ROUNDABOUT
472,307970,234002,BALLYFERMOT RD KENNELSFORT ROAD
473,313168,230192,FORTFIELD RD WAINSFORT RD
476,317942,235301,EAST WALL RD EAST RD
477,311278,231396,Walkinstown Road  Kilnamanagh
478,313480,233079,SCR  Herberton Park  Rialto Street
479,316626,231765,SANDFORD RD ANNA VILLA
480,319511,232019,STRAND RD SANDYMOUNT TOWER
481,310093,233318,Kylemore Road @ Kylemore Avenue
483,315897,235537,GARDINER ST CHURCH
484,315285,235586,BERKELEY ST ST JOSEPHS CHURCH
485,313573,238451,FINGLAS RD CLEARWATER SC (OLD JANELLE SC)
486,313728,233830,JAMES ST HOSPITAL
487,311035,232252,NAAS RD MUIRFIELD (LUAS)
488,309712,233698,BALLYFERMOT ROAD BALLYFERMOT PARADE
489,314101,235206,Prussia Street  shopping centre
490,314625,230289,TEREURE ROAD CHURCH
492,318961,236743,HOWTH RD ASHBROOK
493,317761,238720,BEAUMONT RD @ HOSPITAL
494,323175,238485,HOWTH RD JAMES LARKIN RD
495,319897,240412,Darndale Road (ped)  Ferrycarrig @ belcamp grove
496,317087,232155,MOREHAMPTON RD BLOOMFIELD AV
497,309695,233194,kylemore avenue  le fanu road
498,309708,234536,Kylemoe road  by-pass
500,317311,237212,GRIFFITH AVENUE PHILIPSBURGH AVE GLANDORE RD
501,312097,233822,CHAPELIZOD BYPASS CONCOLBERT RD
502,312765,233457,BULFIN ROAD SOUTH CIRCULAR ROAD SCR
503,312764,233723,INCHICORE ROAD OLD KILMAINHAM LANE
504,,,Orwell Rd @ Zion Rd
505,318649,238577,Skellys lane (west of roundabout)
506,320154,235817,CLONTARF RD VERNON AV
507,314358,236203,FASSAUGH RD DOWTH AV
508,316742,239510,SWORDS RD OMNI PARK SC
509,318881,233573,BREMEN GROVE NTH BOUND SEAN MOORE RD
510,313277,238795,FINGLAS ROAD WELLMOUNT RD
511,320190,236370,Seafield road  vernon avenue
513,316481,234716,AMIEN STREET STORE STREET
514,,,Kimmage Rd Lwr @ Mount Argus Estate
515,311296,236938,NAVAN ROAD KEMPTON ESTATE
516,315915,238901,Collins Avenue  Shanowen Road
517,317423,238119,COLLINS AV COLLINSWOOD
518,319063,239902,barrycourt road  @ shopping centre
519,314741,237757,Old Finglas Road  Ballygall Road
520,312344,231164,ST AGNES CHURCH
521,317142,238017,GRACE PARK RD GRACE PARK HEIGHTS
522,315758,232920,HARCOURT ST HATCH ST UPPER CHARLOTTE WAY (LUAS)
524,320550,239316,Tonlegee Road  Rathvale
525,314400,237811,FINGLAS ROAD GRIFFITH AVE EXT  OLD FINGLAS ROAD
526,312230,233530,EMMET RD BULFIN RD
527,318166,237795,COLLINS AV BELTON PARK
528,313963,237970,TOLKA VALLEY ROAD FINGLAS ROAD
530,313700,231562,SUNDRIVE ROAD STANAWAY ROAD
531,319678,237160,HOWTH ROAD CASTLE AVENUE DUNLUCE ROAD
532,317798,240090,COOLOCK LANE WOODLAWN
533,313104,236062,NAVAN ROAD HAMPTON GREEN
534,315520,237598,MOBHI ROAD  Home Farm Road
535,,,Botanic Rd @ Link Rd REMOVED 23/3/95  (now run from PSC @ Harts Corner)
536,319393,232341,STRAND ROAD GILFORD ROAD
537,312166,231406,Crumlin Village @ shops
538,320294,239580,Malahide road  ayrefield (clarehall)
539,312040,236690,Kinvara Avenue  Kinvara Park
540,318220,240079,OSCAR TRAYNOR ROAD DUNDANIAL ROAD
541,312964,236532,Nephin Road  School
542,317405,238963,Shaltalla Road @ Kittys shop
543,318849,239047,Kilemore Road  Ardmore Dr
544,,,Ballyfermot Hill / Kylemore Rd
545,321421,238507,STATION ROAD SPRINGDALE ROAD
546,319422,237113,HOWTH RD COLLINS AVE EAST
547,313300,229860,Fortfield Road  Greenlea Road
548,,,Clareville Rd @ School
549,318828,239432,KILMORE ROAD KILBARRON ROAD
550,,,Warrington Pl @ Mount St Up
551,309659,233704,BALLYFERMOT ROAD @ ESB
552,307970,234024,BALLYFERMOT ROAD CHERRY ORCHARD ROAD
553,310689,233739,BALLYFERMOT ROAD O'HOGAN ROAD
554,308915,233794,BALLYFERMOT BLACKDITCH
555,315481,238628,BALLYMUN ROAD AT DCU
556,314666,236868,FINGLAS ROAD AT GLASNEVIN CEMETRY
557,,,Ballymun Rd @ Comprehensive School
558,,,Whitworth Rd @ Claude Rd
559,316821,234500,CUSTOM HOUSE QUAY COMMON STREET
560,,,Homefarm Rd @ Ferguson Rd
561,319387,237098,HOWTH ROAD SUPERVALUE
562,,,Botanic Ave @ Mannix Rd
563,,,Botanic Ave @ Botanic Park
564,,,Eglinton Rd @ Eglinton Sq
565,,,Iona Rd @ Church
566,315529,240405,BALLYMUN RD SANTRY AVE BALBUTCHER LANE
567,,,Ballymun Rd @ Flats (removed 13/8/02)
568,313428,238614,FINGLAS VILLAGE
569,,,Grange Rd / Howth View Pk
570,314334,237799,OLD FINGLAS ROAD VIOLET HILL RD
571,,,N32 @ Belcamp College
572,,,Grange Rd @ Clare Hall (N32 Link)(REMOVED - roundabout installed)
573,311368,232722,NAAS ROAD PED @THE PARK (LUAS)
574,,,Clogher Rd @ Pearse College
575,321568,238983,RAHENY ROAD GRANGE PARK ROAD
576,,,Palmerston Rd @ Cowper Rd
577,316254,231503,DUNVILLE AVE BEECHWOOD (LUAS)
578,312769,239079,MELLOWS ROAD SWIMMING POOL
579,,,Tolka Valley Rd @ St Helena's Rd
580,,,Tolka Valley Rd @ Cardiffisbridge Rd
582,314855,234024,COOK ST BRIDGE ST
583,,,Beaver Row @ Beech Hill Av
584,318120,234713,EAST WALL ROAD SHERRIF STREET
585,,,Grange Rd @ Donaghmede Shopping Centre
586,318845,237852,MALAHIDE ROAD ELM MOUNT
587,,,Walkinstown R'about @ Kestral
588,314381,230175,TERENURE ROAD WEST TEMPLELOGUE ROAD
589,,,Pembroke St @ Irishtown Rd
590,,,Grange Rd @ Community School
591,318988,238378,KILMORE ROAD MARYFIELD
592,,,Balcurris Rd /Sillogue Ped
593,318252,236016,ALFIE BYRNE ROAD DART STATION
594,318040,236746,MALAHIDE ROAD BRIAN ROAD
595,,,Blackhorse Ave @ Glenbeigh Rd
596,316806,237449,GRIFFITH AVENUE BERESFORD ESTATE
597,311577,236796,NAVAN ROAD ASHTOWN GROVE
598,319001,233082,STRAND RD MARINE DRIVE
599,,,Terenure Pl @ Templeogue Rd
600,318226,235030,EAST WALL ROAD PORT ENTRANCE
601,,,Navan Rd @ Ashtown R'about
602,,,Glasnevin Ave @ Laneway
603,319541,238494,N-SOUTH ROUNDABOUT  ARDLEA RD
604,319450,238506,MALAHIDE ROAD ARDLEA RD EAST/ WEST
605,316804,238188,SWORDS ROAD IVERAGH ROAD
606,313104,232287,CRUMLIN ROAD ARDAGH ROAD
607,,,Blackhorse Ave @ Turnstyle Pub
608,,,Malahide Rd @ St Brendans Church
609,,,Grange Rd @ Railway Bridge (Removed)
610,316995,232257,MOREHAMPTON ROAD WELLINGTON PLACE
611,318729,239907,OSCAR TRAYNOR RD CLONSHAUGH RD
612,315673,234464,ABBEY LIFFEY
613,316491,232576,LEESON STREET DARTMOUTH ROAD
614,316722,232419,LEESON STREET BURLINGTON BUS GATE
615,317825,231373,EGLINGTON ROAD  DONNYBROOK RD
616,,,Kilbarron Rd @ Trim Rd
617,,,Tonlegee Rd / Moatfield Rd
618,316505,231836,RANELAGH
619,311853,231969,ERRIGAL ROAD BRANDON ROAD ERRIGAL GARDENS
620,,,Wellington Rd @ Clyde Rd
622,315560,233662,AUNGIER ST LONGFORD ST
623,315484,231504,RATHGAR RD GROSVENOR ROAD
624,315960,237747,GRIFFITH AVENUE WALNUT RISE
625,315731,234253,SOUTH QUAYS  MILLENIUM BRIDGE(S)  HALFPENNY BRIDGE(S)
626,322974,239239,KILBARRACK RD THORNVILLE RD
627,319549,236431,CASTLE AVENUE
628,314215,235033,PRUSSIA STREET  AUGHRIM PED
629,312400,232021,CRUMLIN ROAD  RAFTERS ROAD
630,321693,236747,CLONTARF RD  MT PROSPECT AVE
631,320215,236722,VERNON AVE MOUNT PROSPECT AVE
632,320231,236947,VERNON AVE SYBIL HILL RD
633,320178,236192,VERNON AVENUE KINCORA RD
634,,,Grange Rd @ Grange Abbey
635,323100,240233,N32 BALDOYLE BRIDGE
636,319592,231469,STRAND RD ST ALBANS PK
637,313444,232566,KEEPER RAOD HERBERTON ROAD
638,313449,231376,STANNAWAY BANGOR
639,320397,239286,TONLEGEE RD SPRINGDALE RD
640,316155,238761,COLLINS AVE DCU
641,313784,229506,TERENURE COLLEGE TEMPLEOGUE ROAD
642,314177,229938,TEMPLEOGUE BUS GATE
644,315957,234088,DAME STREET NORTH GRATTAN
647,,,NCR @ O'Connells School
648,317844,232755,SHELBOURNE CRAMPTON
649,318386,238607,SKELLY'S LANE WHITETHORN ESTATE
650,316860,230614,MILLTOWN ST ANNES
651,311355,233730,SARSFIELD LANDEN
652,,,Ballygall Rd East @ Church
653,315124,233739,NICHOLAS STREET BULL ALLEY
654,311568,233710,SARSFIELD ROAD RAILWAY BRIDGE COLBERT ROAD
655,318899,236017,CLONTARF ROAD SEAVIEW ROAD
656,317829,237930,COLLINS AVENUE CELTIC PARK
658,,,Ringsend @ Barrow St
659,317029,237616,GRACE PARK RD SION HILL RD
660,317176,234470,NORTH WALL GUILD STREET
661,,,Emmet Rd @ Luby Rd
662,315654,233506,YORK STREET  MERCER STREET
663,315678,233570,MERCER STREET  GLOVER'S ALLEY  CAR PARK
664,313519,234179,ST JOHNS RD MILITARY RD
665,315266,233970,DAME STREET  FISHAMABLE STREET
666,315523,234050,DAME STREET OLYMPIA
667,313159,236033,NAVAN RD LIBRARY
668,315726,233197,HARCOURT ST. MONTAGUE ST PED
670,,,Ratoath Rd @ John Paul Park
671,,,Drumcondra Rd @ Botanic Ave
672,,,Glasnevin Ave @ Autobahn
675,318563,230829,RTE NUTLEY
676,,,Coldcut Rd @ Clover Hill Rd
677,318182,234887,EAST WALL ROAD ALEXANDRA ROAD
679,311508,231772,DRIMNAGH ROAD BALFE ROAD
680,319826,237277,OSCAR TRAYNOR COOLOCK VILLAGE
682,,,North King St @ Colraine/Linnenhall
684,314501,230232,TERENURE RD EAST BUSGATE
686,315702,231151,RATHMINES ROAD COLLEGE/WILLIAMSPARK
687,,,Old Finglas Rd @ St. Brigids School
688,,,Blunden Drive @ Ayrfield Church
689,,,Newbrook Rd @ Newbrook Ave
690,315148,237565,GLASNEVIN HILL BALLYMUN RD OLD FINGLAS RD
691,316642,237856,SWORDS ROAD REGENCY
692,310124,233196,KYLEMORE RD LANDEN RD
693,314021,230261,TERENURE RD WEST GREENLEA RD
694,,,Brookwood Ave @ Brookwood Rise
695,,,Sybil Hill Rd @ St Pauls School
696,,,Vernon Ave @ Blackheath
697,,,Castle Ave @ Blackheath
699,314637,231770,HAROLDS CROSS RD MOUNT ARGUS RD
700,,,Fassaugh Ave / Killala Rd
701,318341,237239,MALAHIDE ROAD CASINO
702,,,Bushy Park Rd @ Riverside Ave
703,,,Mobhi Rd @ Stella Ave
704,315444,237240,MOBHI ROAD ST MOBHI DRIVE
705,311980,238280,RATHOATH ROAD  VALLEY PARK ROAD
706,,,Londonbridge Rd @ Shuttle
707,,,Richmond Villa's @ South Richmond St
708,316977,234993,SEVILLE PLACE  ORIEL STREET
709,317212,236679,PHILIPSBURGH AVE FOYLE RD (SHUTTLE)
710,315517,234344,JERVIS STREET  STRAND STREET  SWIFTS ROW
711,315374,234307,CAPEL STREET  STRAND STREET
712,,,Philipsburgh Ave @ Melrose Ave
713,,,BALLYMUN M50 (NO SITE)
714,,,Portland Row @ Dunne St
715,,,Glasnevin Hill @ Church
716,311839,239144,RATOATH RD CAPPAGH RD
717,,,(NO SITE)
718,316008,235353,MOUNT JOY SQ WEST GREENVILLE ST
719,,,Santry Lane @ McInerney's Site ( Removed 02-03-04)
720,314966,233513,COOMBE
721,,,M1 @ Whitehall Church (Removed May 02)
722,315910,232786,ADELAIDE RD PETER PLACE (LUAS)
723,,,Ailesbury Rd @ Church
724,318996,233684,SEAN MOORE ROAD PINE ROAD
725,,,Pidgeon House Rd @ East Link
726,315538,240125,BALLYMUN RD COULTRY GARDENS CHURCH
727,321145,240750,MALAHIDE ROAD  N32  CLARE HALL
728,,,Richmond Rd @ Grace Park Rd
729,314648,233400,CORK STREET ARDEE STREET
730,,,Faussagh Ave @ Church
731,,,Faussagh Rd @ GAA Club
733,314208,233248,CORK STREET DONORE AVENUE
734,317700,235740,ALFIE BYRNE ROAD EAST PT BUSINESS PK
735,,,Malahide Rd @ Grove Lane
736,,,Brookwood Ave
737,,,Brookwood Rise
738,311429,232900,TYRCONNEL JAMESTOWN RD
739,,,Irishtown Rd  @ Health Centre
740,,,Grace Park Rd @ Rosmini
741,314619,234655,NORTH KING STREET QUEEN STREET GEORGES LANE
742,314607,234736,BRUNSWICK STREET GEORGES LANE GRANGEGORMAN
743,314454,234530,BLACKHALL PLACE BLACKHALL STREET
744,315958,233250,ST STEPHENS GREEN  SOUTH (PED)
745,315507,239765,BALLYMUN RD SHANGAN RD
746,316982,234484,CUSTOM HOUSE QUAY EXCISE WALK
747,321477,238067,WATERMILL MAIN ST - RAHENY
748,326679,238225,HOWTH ROAD ST ASSAMS ROAD WEST
749,,,SCR @ Bloomfield Ave
750,316154,236657,BOTANIC CIAN PARK DRUMCONDRA
751,314653,232595,SCR WASHINGTON ST
752,,,BALLYFERMOT RD LE FANN RD (NO SITE)
753,314596,234511,QUEEN STREET BLACKHALL STREET
754,,,CORK ROAD COOMBE ROAD (NO SITE)
755,315506,239764,BALLYMUN RD SILLOGE RD
756,309542,233716,BALLYFERMOT RD LE FANN RD
757,,,BRUNSWICK STREET PED
758,316441,232749,LEESON ST BRIDGE  FITZWILLIAM PLACE ADELAIDE ROAD
759,314264,235466,CORK ROAD BRABAZAN ROAD (NO SITE)
760,314436,234248,BLACKHALL BRIDGE STH USHERS ISLAND
761,314434,234331,BLACKHALL PLACE  ELLIS QUAY BRIDGE
762,,,Ballyfermot Rd @ De La Salle School
763,,,BALLYMUN ROAD
764,316208,233060,LEESON ST. C.U.S
765,,,Mount St @ Love Lane
766,,,Edenmore Village @ Shops
767,311256,231691,LONGMILERD @ SCHOOLS
768,311637,232873,DAVITT (LUAS) LANSDOWNE VALLEY
769,311437,232830,DAVITT KILWORTH (LUAS)
770,312130,232973,DAVITT SPERRIN
771,313906,233897,JAMES STREET STEEVENS LANE
772,313924,234434,BENBURB TEMPLE ST WEST
773,314574,234358,BENBURB ST. QUEEN ST.
774,314681,234357,SMITHFIELD PHOENIX ST.
775,314776,234328,BOW ST CROSSING
776,314912,234350,CHURCH ST CHANCERY ST
777,315072,234322,CHANCERY STREET CHANCERY PLACE
778,315238,234356,CHANCERY STREET ARRAN STREET EAST
780,,,Adelaide Rd @ Hospital
781,316592,230113,MILLTOWN ALEX COLLEGE (LUAS)
782,315915,234598,O'CONNELL ST PRINCE'S ST NORTH
783,308883,231027,NAAS RD CROSSING TURNPIKE.
785,,,N32 @ Bewleys
786,,,Templeogue Rd @ Lakeland Pk
787,,,Coolock Village @ Ulster Bank
788,,,Galtymore @ The Shops
789,,,Gilford Rd Ped
790,,,Sandymount Rd Ped
791,318607,236638,HOWTH ROAD HOLLYBROOK PARK
792,,,Wellmount Rd @ St Michaels School
793,315306,234145,ESSEX QUAY PED
794,,,Kilbarrack Rd @ The Dart Station
795,,,Chapelizod Village @ The Esso Station
796,316091,234494,EDEN QUAY MARLBORO STREET
797,321108,240694,MALAHIDE ROAD TESCO
798,312171,237970,RATOATH RD BALLYBOGGAN RD
799,310176,232925,KYLEMORE RD JAMESTOWN RD(ACCESS)
800,309601,232662,PARK WEST KILLEEN
801,316184,233324,ST STEPHENS GREEN EAST HUME ST PED
802,,,Collins Ave @ Clanawley Rd
803,,,Priorswood Rd @ Buttercup Park
804,,,Kilmore Rd / Pinebrook Rd
805,,,Springdale Rd @ St Josephs Hospital
806,318953,231178,NUTLEY LANE ST VINCENTS HOSPITAL
807,,,City Quay  Lombard St
808,316654,234513,CUSTOM HOUSE QUAY DOCKLANDS PED
809,,,Vernon Ave @ CRC
810,,,Cardiffsbridge Rd @ Deanstown Ave
811,320680,237868,HOWTH ROAD ENNAFORT PARK
812,318942,231496,MERRION ROAD SYDNEY PARADE AVENUE
813,,,Park West Ave @ Park West
814,,,Bunratty Rd @ Civic Centre
815,,,McKelvey Rd /St Margarets Rd
816,318481,235289,DPT 1 BOND ROAD
817,318290,235023,DPT 2 T-JUNC AT BRIDGE
818,318517,234998,DPT 3 TOLL PLAZA-PORT ENT
819,,,Grand Canal St @ Barrow St
820,,,Glin Rd @ Macroom Rd
821,313568,239788,JAMESTOWN RD  SYCAMORE RD
822,,,N32 CLONSHAUGH ROAD (OUTSIDE BOUNDARY)
823,,,(NO SITE)
824,,,(NO SITE)
825,,,(NO SITE)
826,,,Ballyfermot Rd @ Lidl
828,315522,239633,BALLYMUN RD CIVIC OFFICES
829,313205,238882,FINGLAS RD CHURCH ST
830,316916,238189,SWORDS RD WHITEHALL CHURCH
832,317085,236107,FAIRVIEW STRAND RICHMOND RD
833,,,Pearse St @ Bolands Bridge Ped
834,317278,240158,COOLOCK RAMP M1
835,317172,240015,SWORDS RD M1
836,,,Waterloo Rd @ Burlington Rd
838,,,St Johns Rd @ Heuston S.Q.
839,,,Clontarf Rd @ Dollymount Park
840,,,Capel St @ Mary St
841,,,Blunden Drive @ Darndale Roundabout
842,315416,235850,North Circular Road @ Garda Station
843,,,Conyngham Rd @ Phoenix Park
844,,,Herbert Park @ The Park
845,,,Highfield Rd @ the church
846,,,Anglesea Rd Ped
848,319809,230860,ROCK ROAD  Elm Park
849,,,Ranelagh Rd @ Luas Station
850,,,East Rd @ Church Rd
851,,,Darndale @ Community Centre
852,,,Berkley St @ Nelson St
853,,,Collins Ave East @ Clancarthy Rd
854,,,Merrion Road @ Merlyn Drive
855,,,Seville Place @ Ferrymans Crossing
856,,,Guild St @ Sheriff St
857,,,Coolock Lane Pedestrian Crossing
858,,,Oscar Traynor Rd @ Larch Hill Estate
859,,,Hole in the Wall Road @ Clongriffen Road
860,,,Mayor Street @ Commons Street
861,,,Mayor Street @ Guild Street
862,,,Mayor Street @ National Conference Ct
863,,,Mayor Street @ Spencer Dock West
864,,,Mayor Street @ Spencer Dock East
865,,,Mayor Street @ New Wapping St
866,,,Mayor Street @ Castleforbes Rd
867,,,Mayor Street @ The Point
868,,,Sir John Rogersons Quay @ Macken St Bridge
872,,,Hole in the Wall Road @ Father Collins Park
873,,,North Wall Quay @ Spencer Dock
874,,,Clonshaugh Rd Pedestrian Crossing
875,,,Malahide Road @ Belmayne
876,,,Main St Chapelizod
877,,,Kylemore Rd @ Canal Bridge
878,,,Balbutcher Lane South/Carrig Rd
879,,,North King St@Red Cow Lane Ped
880,,,Raheny Rd @ Belmont Park
882,,,Baggot St @ Herbert Place
883,,,Charlemont St @ Charlemont Mall
884,,,NCR @ Marlborough Rd
885,,,Eccles St @ The Hospital
892,,,Clanbrasil St @ Lombard St West
900,317810,232490,SHELBOURNE ROAD  HERBERT PARK  CLYDE ROAD (NO SITE)
901,,,ABBEY ST **BACKUP** MARLBORO **BACKUP** (NO SITE)
903,316350,234670,BERESFORD PLACE*BACK GARDINER ST *BACKUP* (NO SITE)
904,313800,234400,PARKGATE STREET HEUSTON BRIDGE
913,316466,234717,AMIEN STREET *BACKUP STORE STREET *BACKUP(NO SITE)
918,315350,234400,CAPEL STREET BACKUP ABBEY STREET(NO SITE)
989,311400,232820,TYRCONNELL RD *BAK* DAVITT RD *BAK*(NO SITE)
994,,,ABBEY ST **BACKUP** JERVIS **BACKUP**(NO SITE)
998,315941,234530,ABBEY ST **BACKUP** O'CONNELL ST *BACKUP(NO SITE)
999,313800,234400,PARKGATE STREET HEUSTON BRIDGE(NO SITE)
1000,,,(NO SITE)
1001,319333,228934,KILMACUD RD. UPPER BLACKHORN AVE (OUT OF RANGE)
1002,313808,234320,HEUSTON ACCESS
1124,319791,228877,STILLORGAN MOUNT MERRION ROAD
1125,319684,229203,STILLORGAN ROAD BOOTERSTOWN AVE
1127,319741,229041,STILLORGAN ROAD THE RISE
1218,,,Monkstown Ring Rd/Deansgrange Rd
1383,320811,229363,MOUNT MERRION CROSS AVENUE
1389,321784,229205,BLACKROCK BY-PASS BARCLAY COURT
1390,322000,229014,NEWTOWN AVENUE TEMPLE HILL
1392,322025,229153,NEWTOWN AVENUE SEAPOINT AVENUE
1394,323913,228905,COAL QUAY BRIDGE
1501,324480,228731,MARINE ROAD
2001,,,
2009,,,ROAD2
2016,319882,228593,STILLORGAN ROAD TREES ROAD
2017,,,INTERSECTION 2017
2018,,,TULLAMORE
2019,,,TULLAMORE
2024,323866,226933,OUT OF RANGE
2031,321106,228863,OUT OF RANGE
2039,,,WATERFORD
2045,322145,228718,STRADBROOK NEWTOWNPARK AVE
2057,315528,240796,BALLYMUN RD STATOIL
2127,319472,229655,STILLORGAN ROAD FOSTERS AVE
4001,324175,240153,GRANGE ROAD WILLIE NOLAN ROAD
4002,324604,240392,WILLIE NOLAN ROAD MAIN STREET
4003,324688,240118,MAIN STREET DUBLIN STREET
4004,324624,240365,MAIN STREET PEDESTRIAN
4005,323656,240138,GRANGE ROAD GRANGE PARK
4010,318012,241517,M1 M50 N32
4011,315490,241388,BALLYMUN ROUNDABOUT (NOT ON MAP)
4012,312348,240719,FINGLAS ROUNDABOUT (NOT ON MAP)
4013,308994,238154,BLANCHARDSTOWN ROUNDABOUT M50(NOT ON MAP)
4014,309314,237904,AUBERN RD RNDBOUT N3
4015,308305,238488,SCOTTS RD RNDBOUT N3
4016,307588,235212,LUCAN ROUNDABOUT
4019,308821,231002,NAAS ROAD (RED COW) M50 (NOT ON MAP)
4020,311318,227963,TALLAGHT ROUNDABOUT (NOT ON MAP)
4021,308590,230922,NAAS ROAD MONASTERY
4022,308876,231021,NAAS ROAD BALLYMOUNT  TURNPIKE
4023,308761,230977,RED COW  CAR PARK ENTRANCE
4024,323606,227227,JOHNSTOWN ROAD MAPLE MANOR (NOT ON MAP)
4025,,,M1  Swords Road  Airport
4026,307605,235210,SANDYFORD ROTARY(NOT ON MAP)
4027,,,LEHAUNSTOWN WEST M50(NOT ON MAP)
4028,,,M50 LEHAUNSTOWN EAST(NOT ON MAP)
4029,316801,240010,SWORDS RD SANTRY AVE CHURCH LANE
4030,316843,240133,SWORDS RD COOLOCK LANE SANTRY DEMESNE
4031,317023,240087,COOLOCK LANE OAK PARK
4032,,,Swords Road  Airport Entrance
4033,,,Airport  Corballis Way  Cargo 2
4035,,,Airport  Hangar 5 Roundabout
4036,,,Navan Rd Bridge OOT
4037,,,Navan Rd Bridge ITT
4038,,,N2 / Charlestown
4040,,,Ballymun Rd @ IKEA
4045,,,Naul Rd @ NCT Centre
4047,,,Ballymun Rd @ M50 Slip Lane Peds
4048,308735,238455,N3 Interchange @ Total Fitness
4049,,,N3 Interchange @ Dunsink Lane
4050,,,N3 Interchange @ James Connolly Memorial Hospital
4051,,,N3 Ped between Auburn Ave & Railway Bridge
4052,,,Castleknock Rd/Chesterfield Avenue
4053,,,Castleknock Rd/Auburn Avenue
4054,,,Castleknock Rd/College Rd
4055,,,Castleknock Rd/Beechpark Rd
4056,,,Castleknock Rd/Park Lodge Rd
4057,,,Park Lodge Rd Castleknock Ave/Laurel Lodge Rd/Parklands
4058,,,Castleknock Rd/Roselawn Avenue
4059,,,Main St Blanch/Castleknock Rd (Bell Pub)
4060,,,Main St / River Rd
4061,,,Main St / Church Avenue
4062,,,Castelknock Rd @ Oak Lodge Pedestrian
4063,,,Castelknock Rd @ Chesterfiedl Ave Pedestrian
4101,,,WATERFORD
4102,,,WATERFORD
4103,,,WATERFORD
4104,,,WATERFORD
4105,,,WATERFORD
4106,,,WATERFORD
4107,,,WATERFORD
4108,,,WATERFORD
4109,,,WATERFORD
4110,,,WATERFORD
4111,,,WATERFORD
4112,,,WATERFORD
4113,,,WATERFORD
4114,,,WATERFORD
4115,,,WATERFORD
4116,,,WATERFORD
4117,,,WATERFORD
4118,,,WATERFORD
4119,,,WATERFORD
4120,,,WATERFORD
4121,,,WATERFORD
4122,,,WATERFORD
4123,,,WATERFORD
4124,,,WATERFORD
4125,,,WATERFORD
4126,,,WATERFORD
4127,,,WATERFORD
4128,,,WATERFORD
4129,,,null
4130,,,null
4131,,,null
5001,325848,221439,WICKLOW
5002,,,WICKLOW
5003,326363,220848,WICKLOW
5004,326393,220757,WICKLOW
5005,326378,220651,WICKLOW
5006,326272,220363,WICKLOW
5007,326424,220037,WICKLOW
5008,326651,219515,WICKLOW
5009,,,WICKLOW
5010,316900,233000,WICKLOW
5011,,,WICKLOW
5012,,,WICKLOW
6000,,,TEST 1  TEST 2
6001,,,Stillorgan Rd @ Trees Rd
6002,,,Stillorgan Rd @ Priory Drive(T123A)
6003,320545,229272,STILLORGAN ROAD BREWERY ROAD(NOT ON MAP)
6004,321727,228409,BRAY RD / N11 SPRINGFIELD(NOT ON MAP)
6006,321909,228333,STILLORGAN ROAD KILL LANE BRAY ROAD(NOT ON MAP)
6007,322060,228197,BRAY ROAD WESTMINSTER ROAD(NOT ON MAP)
6008,320380,227100,STILLORGAN RD STILLORGAN PARK(NOT ON MAP)
6009,322378,228015,MART LANE N11(NOT ON MAP)
6010,322909,227530,BRAY ROAD / N11 CLONKEEN ROAD(NOT ON MAP)
6011,323530,227060,STILLORGAN ROAD JOHNSTOWN ROAD /N11(NOT ON MAP)
6013,309250,233750,CABINTEELY VILLAGE OLD BRAY RD BRENNANSTOWN RD(NOT ON MAP)
6014,320620,227130,STILLORGAN ROAD GALLOPING GREEN PED(NOT ON MAP)
6015,,,Cornelscourt Link Road / N11
6016,,,Bray Rd/N11 @ Beech Park
6017,,,Bray Rd / N11 @ St Lawrences
6018,320484,229454,STILLORGAN RD ST JOHN OF GODS(NOT ON MAP)
6020,,,Frascati Rd@Georges Ave(P407)
6021,321199,229554,MOUNT MERRION AVE ROCK ROAD FRASCATI ROAD
6022,321281,229535,FRASCATI ROAD ROCK ROAD
6023,321459,229317,FRASCATI ROAD CARYSFORT AVENUE
6024,321785,229207,BLACKROCK BY-PASS BARCLAY COURT
6025,322005,229009,NEWTOWN AVE TEMPLE HILL
6026,322027,229155,NEWTOWN AVE SEAPOINT AVE
6027,322069,228885,MONKSTOWN BLACKROCK BYPASS
6028,322147,228721,STRADBROOK NEWTOWNPARK AVE
6029,319681,228590,DRUMMARTIN ROAD BLACKTHORN DRIVE(NOT ON MAP)
6030,320855,229837,BLACKROCK CLINIC ROCK ROAD
6031,320260,230250,BOOTERSTOWN ROCK ROAD
6032,319946,230554,ROCK ROAD TRIMLESTON AVENUE
6033,318781,229147,FOSTERS AVENUE ROEBUCK ROAD
6034,,,BLACKTHORN DRIVE BLACKTHORN ROAD BEACON COURT (OUT OF RANGE)
6035,,,BLACKTHORN DRIVE BLACKTHORN ROAD BEACON COURT (OUT OF RANGE)
6036,,,BLACKTHORN DRIVE CARMANHALL ROAD
6037,,,CARMANHALL ROAD BUS GATE
6038,,,Fosters Ave@North Ave(T180)
6039,318183,226473,Sandyford Road  Blackthorn Drive
6040,,,N11 Inbound  Wyattville Bridge
6041,,,Wyattville Bridge  East
6042,,,Wyattville Bridge  East
6043,,,Wyattville Road  Wyattville Close
6044,,,Wyattville Road  Loughlinstown Drive
6045,,,Wyattville Road  Old Wyattville Road
6046,,,Wyattville Rd @ Glenageary/Churchview Rd(T522)
6047,,,Wyattville Rd @ Glenageary/Church Rd(T114)
6049,,,Rochestown Av/Rochestown Pk/Granitfield(T517)
6051,,,Belfield Overbridge East Side(T510)
6052,,,Bakers Corner@ Abbey Rd/Pottery Rd(T115A)
6053,,,Rochestown Rd/Pottery Rd(T115B)
6054,,,Deansgrange Rd@Clonkeen Rd/(Foleys Cor)(T116)
6055,,,Nutgrove Ave/Meadow Park (Texas)(T365)
6056,,,Nutgrove Ave/Whitehall Rd(T340)
6057,,,Clonskeagh Rd@Beechhill(T366)
6058,,,Beechill Rd / Belfield Business Pk
6059,,,York Rd / Tivoli Rd (T396)
6060,,,Monkstown Ave/Monkstown Farm (Dcc 6060)(T578)
6061,,,Mount Merrion Ave/Cross Ave(T383)
6063,,,Kilmacud Rd Lwr/Old Stillorgan Rd(T129)
6067,,,Ballyogan Road @ Glencairn Cresent
6068,,,Ballyogan Road @ Glenbourne Road
6069,,,Ballyogan Road @ Ballyogan Ave West
6070,,,Ballyogan Road @ Ballyogan Ave East
6072,,,Ballyogan Road @ Ballyogan Wood
6073,,,Blackrock Main St@Carysfort Ave/Temple Rd(T388)
6074,,,Churchtown Rd Upr@Sweetmount(T540)
6075,,,Dundrum Rd@Taney Rd/Churchtown Rd Upr(T105)
6076,,,Dundrum By-Pass@Dundrum Village(T544)
6077,,,Sandyford Road/Wyckham By-Pass(T533)
6078,,,Sandyford Rd@Balally Drive
6079,,,Sandyford Rd@Balally Rd
6080,,,Sandyford Rd@Dun Emer Rd
6081,,,Sandyford Rd@ Balally Hill
6082,,,Sandyford Rd@Clonard Road(T508)
6084,,,Lambs Cross(Enniskerry Rd/Hillcrest)(T107)
6085,,,Drumartin Link@Kilmacud Road Upper(T557)
6086,,,Drumartin Link@Kilmacud Road Lower(T558)
6088,,,Goatstown Rd@Taney Rd (The Goat)(T130)
6092,,,Goatstown Rd@Roebuck Rd(T102)
6093,,,Clonskeagh Rd@Bird Ave(T103)
6094,,,Clonskeagh Rd@Wynnsward Drive(T320)
6095,,,Drummartin Link Rd@Blackthorn Ave Ext
6096,,,Blackthorn Ave Ext@Blackthorn Drive
6102,,,Monkstown Ring Road/Carysfort Ave(T511)
6103,,,Monkstown Ring Road@Newtownpark Ave
6104,,,Monkstown Ring Rd @ Deansgrange Rd
6105,,,Monkstown Ring Rd @ Rowanbyrn
6106,,,Monkstown Ring Rd @ Annanville Av
6110,,,Adelaide Rd @ Eden Rd (T503)
6111,,,Albert Rd/Hudson Rd@Elton Park(T504)
6112,,,Albert Road@The Metals(P538)
6113,,,Avondale Rd@Killiney S.C. R/A (Audio)(P534)
6114,,,Avondale Rd@St Josephs Of Cluny(P527)
6115,,,Ballinclea Rd@At Oakdene(P562)
6116,,,Ballinteer@Wyckham/Woodpark &The Heights(P523)
6117,,,Ballinteer Av@Grange Rd(Decomissioned)(T172)
6118,,,Ballinteer Ave@Spar Supermarket(P240)
6119,,,Ballinteer Avenue@Broadford Road(T543)
6120,,,Ballinteer Rd@Ballinteer Av(Decomissioned)(P257)
6121,,,Ballinteer Rd@Ballinteer Ave. Sth Of Rdb(P524)
6122,,,Ballinteer Rd@Ballinteer Ave/ Shop(P525)
6123,,,Ballinteer Rd@Barton Rd R/A(P246)
6124,,,Ballybrack Crossroads@Church Rd/Wyattville Rd(T506)
6125,,,Ballybrack Village Ped(P418)
6126,,,Ballyogan Rd@Kilgobbin Rd(T529)
6127,,,Ballyogan Rd@Entrance To Dunnes Stores(T573)
6128,,,Barton Rd East@Beaumont Ave(T349)
6129,,,Birches Lane@Birchfield Avenue(P557)
6130,,,Blackrock Main Street@Idrone Tce/Bath Place(T507)
6131,,,Blackthorn Ave@Luas Terminal(P567)
6132,,,Blackthorn Ave@Birch Ave.(T574)
6133,,,Blackthorn Avenue@West Luas Car Park(P580)
6134,,,Blackthorn Avenue@Burton Hall Road(T541)
6135,,,Blackthorn Rd@Blackthorn Ave/Thripple Ped(P544)
6136,,,Blackthorn Rd@St Raphaelas(P428)
6137,,,Blackthorn Road@Corrig Road(P579)
6138,,,Booterstown Ave@Cross Ave(T382)
6139,,,Booterstown Avenue@Rosemount(P571)
6140,,,Braemor Rd@Shopping Centre (P274)
6141,,,Braemor Rd@Braemor Park(T339)
6142,,,Braemor Rd/Landscape Ave(P275)
6143,,,Bray Rd@Glenageary D.C.(T111)
6144,,,Bray Rd@Cherrywood/Cherrywood Rd(T521)
6146,,,Brewery Rd@Leopardstown Avenue(T518)
6147,,,Brewery Road@Woodford(T539)
6148,,,Brighton Rd@Glenamuck Rd(T538)
6149,,,Broadford Rd@St Attractas`S School(P543)
6150,,,Broadford Rd@Scoil Nathi/Lleewellan(P545)
6151,,,Burton Hall Road@Blackthorn Rd(T400)
6152,,,Carmanhall Road@Arkle Road(P566)
6153,,,Carrickbrennan Road@Church(P561)
6154,,,Carysfort Ave@Convent Rd/Brookfield Ave(T512)
6155,,,Bray Rd@Cherrywood U-Turn(T523)
6156,,,Church Rd Phase 3@Arnold Park (Audio)(P532)
6157,,,Church Rd Phase 3@Opp Arnold Grove (Audio)(P531)
6158,,,Church Rd Phase 3@Glenageary Rd Upp R/A (Audio)(P530)
6159,,,Church Rd Phase 3@Killiney S.C. (Audio)(P533)
6160,,,Churchtown Rd Upr And Lwr(T131)
6161,,,Churchtown Road Lwr@Orwell Road(T519)
6162,,,Churchtown Road Upper@Notre Dame Sch(Audio)(Led)(P547)
6163,,,Churchview Rd@Our Lady of Good Council Sch(P589)
6164,,,Churchview Rd@Opp Park(P574)
6165,,,Churchview Rd@S.C.(Audio)(P289)
6166,,,Clonkeen Rd@Meadowvale(Audio )(Led)(P549)
6167,,,Clonskeagh Rd@Whitebeam(P202)
6168,,,Clonskeagh Road@Wynnsward Park(P201)
6169,,,Cornellscourt Hill Rd/Park Drive(P582)
6170,,,Crofton Road@Harbour Square(P586)
6171,,,Deansgrange Cemetry(P209)
6172,,,Deansgrange Rd@Stradbrook Rd(T119)
6173,,,Dodder Park Rd@Dodder Rd Lwr/Woodside.(T513)
6174,,,Dublin Road@Loughlinstown R/A(P560)
6175,,,Dublin Road@Shankill/Stonebridge Road(T576)
6176,,,Dundrum By-Pass@Entrance To Car Park (T575)
6177,,,Dundrum Bypass@Castlebrook(P541)
6178,,,Dundrum By-Pass@Dundrum S.C. Car Park(T565)
6179,,,Drumcondra Cross@Kilmacud Road Upper (Audio)(T106)
6180,,,Dundrum Rd@Bird Ave(T104)
6181,,,Drumdrum Rd@Farrenboly Park (Audio)(P203)
6182,,,Dundrum Road@Milltown Bridge(P518)
6183,,,Dundrum Village@Opp Shopping Centre (Audio)(P205)
6184,,,Dundrum@Mulvey Park (Audio)(P239)
6185,,,Dundrum@Rosemont (Audio)(P238)
6186,,,Eden Road@The Metals(P539)
6187,,,Enniskerry Rd@Aikens Village(T569)
6188,,,Enniskerry Road@Ballychorus Road(T549)
6189,,,Enniskerry Road@Stepaside Village(T553)
6190,,,Georges St Lr@York Rd(T395)
6191,,,Georges St Upper@Lower Glenageary Rd(T398)
6192,,,Georges St Upper@Marine Rd/ Georges St Lower Audio(T399)
6193,,,George's Street Lwr@Convent Road(T577)
6194,,,Glasthule Rd@Adelaide Rd(T502)
6195,,,Glenageary Rd Lower@Corrig Rd(T397)
6196,,,Glenageary Rd Upp@R/A  To Mounttown (Audio)(P529)
6197,,,Glenageary Rd Upp@Adelaide Rd (Audio)(P415)
6198,,,Glenageary Rd Upp@Dunmore (Audio)(P414)
6199,,,Glenalbyn Rd@Lawnswood Pk(P421)
6200,,,Glenalbyn Rd@Linden Lea Pk(P422)
6201,,,Goatstown Rd@Goatstown Ave(P526)
6202,,,Goatstown Rd@Larchfield(T566)
6203,,,Goatstown Rd@Our Ladys Grove(P214)
6204,,,Grange Road@At Entrance To Marley Park(P521)
6205,,,Grange Road@Stonemasons Way(T532)
6206,,,Green Route@Ballinteer Ave/Grange/Rd(T531)
6207,,,Green Route@Highfield /Marley Est(T315)
6208,,,Green Route@Kingstown(T530)
6209,,,Harolds Grange Road@Kellystown Road(T526)
6210,,,Johnstown Rd@Pottery Rd(T331)
6211,,,Johnstown Road@Granville Road(T562)
6212,,,Kill Ave Ped(P419)
6213,,,Kill Lane @ Foxrock Ave.(P596)
6214,,,Kilmacud Link Road@Blackthorn Avenue/Luas Crossing(T547)
6215,,,Kilmacud Lwr/Drummartin Post Office(P213)
6216,,,Kilmacud Rd Lwr At Mill House(P211)
6217,,,Kilmacud Rd Lwr/Redesdale Rd(P212)
6218,,,Kilmacud Rd Upper At Benildus School(P401)
6219,,,Kilmacud Rd Upr And Lwr/South Ave(T128)
6220,,,Kilmacud Rd Upr/Birches Lane(T568)
6221,,,Kilmacud Rd upper@Kilmacud Park Stlaurencesschool(P515)
6222,,,Kilmacud Rd/Sydenham Rd(T328)
6223,,,Kilmacud Road Upr/Kilmacud Road Extension(T570)
6224,,,Kilternan Rd At Garage(P576)
6225,,,Leopardstown Rd/Torquay Rd(T318)
6226,,,Leopardstown Road/Central Park(T536)
6227,,,Lower Georges St. Junc Convent Rd/Sussex Rd(P585)
6228,,,Lwr Eden Rd  Glasthule Nr Harold School(P591)
6229,,,Marine Rd/Crofton Rd(T501)
6230,,,Merrion Avenue At South Hill Avenue(P595)
6231,,,Merrion Avenue At Southwood Park(P594)
6232,,,Merrion Avenue At Sydney Avenue(P593)
6233,,,Monkstown Avenue At Bluepool(P564)
6234,,,Monkstown Rd@Eaton Sq(Audio)(P410)
6235,,,Monkstown Rd/Goggins Pub(P411)
6236,,,Monkstown Road @ Monkstown Valley(P587)
6237,,,Mountown Road Upper Outside C.B.C.(P572)
6238,,,Mounttown At Mc C Ormacks Public House(P583)
6239,,,Mt Anvill Road At Mt Anvill School / Audio / Led(P546)
6240,,,Murphystown Cross (Sandyford)(T108)
6241,,,Newtown Park Ave/Newtown Park(T163)
6242,,,Newtown Park/Carysfort Ave(T345)
6243,,,Newtownpark Ave/HollyparkP559)
6244,,,Newtownsmith/Islington Ave(P568)
6245,,,Newtownsmith/Link Road(P569)
6246,,,North Avenue At Church(P536)
6247,,,Nutgrove Avenue/Loreto Avenue(T525)
6248,,,Nutgrove Avenue/Oakdown Road(P516)
6249,,,Nutgrove Way At Shopping Centre(P406)
6250,,,Old Bray Rd/Cornelscourt Village(P208)
6251,,,Old Bray Road/Cornelscourt Hill Road(T524)
6252,,,Old Dublin Rd @ Woodbrook Golf Club(P551)
6253,,,Old Dublin Rd Bus Gate @ Shanganagh Cemetry(T548)
6254,,,Old Dublin Rd Nr Crinken Glen  Shankill(P590)
6255,,,Old Dublin Rd Shankill @ At St Anns Church(P550)
6256,,,Pearse Street(P575)
6257,,,Queens Road / Park Road(T563)
6258,,,Queens Road/East Pier (Audio)(P536)
6259,,,Rathsallagh Rd At School(P563)
6260,,,Rochestown Ave/Johnstown Rd(T162)
6261,,,Rochestown Ave/Killiney S.C.(P245)
6262,,,Rochestown Ave/Sallynoggin Rd(P577)
6263,,,Rochestown Ave/Sallynoggin Rd(T301)
6264,,,Rochestown Avenue/Rehab Hospital(P247)
6265,,,Sallynoggin Rd At Glenageary Rd Up R/A (P528)
6266,,,Sallynoggin Rd/Sarsfield St.(P426)
6267,,,Sallynoggin Road P.O.(P413)
6268,,,Salthill Dart Station.(P424)
6269,,,SANDYCOVE RD (Audio)(417)
6270,,,Sandycove Rd/Sandycove Ave West(T505)
6271,,,Sandycove Road/The Metals(P537)
6272,,,Sandyford Rd/Kilgobbin Rd (T323)
6273,,,Sandyford Rd/New Dundrum Shopping Centre(P556)
6274,,,Sandyford Rd/Parkvale Est(P259)
6275,,,Sandyford Road @ Shopping Center(P592)
6276,,,Sandyford Road/Dundrum Sc (Plaza)(P565)
6277,,,Seapoint Avenue At Brighton Vale(P570)
6278,,,Seapoint Dart Station(P423).
6279,,,Shanganagh Rd/Shankill S.C.(T324)
6280,,,Shanganagh Road@Commons Road(T545)
6281,,,Shanganagh Road@Hazelwood(P540)
6282,,,Shankill Village Ped(P206)
6283,,,Stepaside Village(Audio)(P241)
6284,,,Stillorgan Rd@Belfield Overbridge West(T534)
6285,,,Stillorgan Shopping Centre(P244)
6286,,,Stonemasons Way (Audio)(P284)
6287,,,Stradbrook Rd@Rockford Manor School(P425)
6288,,,Taney Rd@Sydenham Rd(P204)
6289,,,Taney Road@Birches Lane(T552)
6290,,,The Rise Toucan(P548)
6291,,,Tivoli Rd@Mulgrave Tce(T509)
6292,,,Upper Georges St@Corrig Ave/Adelaide St(P588)
6293,,,Westminster Rd@Foxrock Village(T306)
6294,,,Whitehall Road @ Good Sheperd School(P584)
6295,,,Windsor Terrace(Audio)(P416)
6296,,,Windsor Terrace@Queens Rd/Park Rd(T516)
6297,,,Wyckam By-Pass Extension@Luas Car Park(T560)
6298,,,Wyckham By-Pass (Ped Lights)(P522)
6299,,,Wyckham Way@Kilmacud Rd Upr(T551)
6300,,,Murphystown Rd / Glencairn Rd
6301,,,Laughanstown Rd Crossing
6302,,,Temple Rd Pedestrian Crossing(P408)
6303,,,Castle Street(P573)
6304,,,Blackthorn Dr@ Sandyford Shopping Cr(P520)
6305,,,Blackthorn Dr@Wedgewood Estate Ped(P263)
6306,,,Churchtown Rd / Nutgrove Ave
6307,,,Georges St @ Corrig Rd
6308,,,Kill Ave Ped @ Fire Station
6309,,,Glenageary Rd Uppr / Kill lane
6310,,,Kill Ave / Honey Park
6311,,,Glenageary Rd Uppr @ Honey Park
6312,,,Ballyogan Rd @ Murphystown Rd
6313,,,Leopardstown Rd @ Murphystown Rd
6314,,,Murphystown Rd Pedestrian
6315,,,Leopardstown Rd @ ESB roundabout
6316,,,Brewery Rd Pedestrian @ Leopardstown Rd Roundabout
6317,,,Leopardstown Rd Pedestrian @ Leopardstown Rd Roundabout
6318,,,Stonemasons Way @ Marley Court South
6319,,,Taney Rd @ Luas
6322,,,Bird Avenue
6323,,,Merrion Ave @ Sydney Ave
6324,,,Merrion Ave @ Southwood Park
6325,,,Merrion Ave @ South Hill Ave
6326,,,Roebuck Rd Pedestrian
6327,,,Monkstown Farm @ Shops
6328,,,Kilmacud Rd Upper @ Lakelands Drive
6329,,,Kilmacud Rd Lower @ Overflow Car Park
6330,,,Yankee Tce @ Monkstown Ring Rd
6331,,,Adelaide Rd @ The Metals
6332,,,Castlepark Rd @ The Metals
6333,,,Barnhill Rd @ The Metals
6334,,,Glencairn Luas Stop @ Murphystown Rd
6335,,,Sallynoggin Rd (West of Maxol Garage)
6336,,,Bellarmine @ Aikens Village
6337,,,Rathsallagh Rd @ Bridge
6338,,,Ballinteer Rd @ Slang River Bridge Crossing
6339,,,Glengeary Rd Upper @ Glengeary Woods
6340,,,Brewery Rd @ Leopardstown Roundabout
6341,,,Leopardstown Rd @ Racecourse
6342,,,Brewery Rd @ Old Harcourt St Line Greenway
6343,,,Kill Ave @ Fire Station
6344,,,Rochestown Ave @ Sallynoggin Rd
6345,,,Dodder Park @ Dodder Rd Lower / Woodside
6346,,,Windosr Tce @ Queens Rd / Park Rd
6347,,,Georges St Lower @ Library Rd
6348,,,Stillorgan Rd @ Fosterbrook
6349,,,Leopardstown Rd @ Murphystown Rd (Decomissioned)
6350,,,Enniskerry Rd @ Glenamuck Rd (Golden Ball)
6351,,,Ballyedmonduff Rd @ Ballybetagh Rd (Jonnie Foxes)
6352,,,Glenageary Rd Upper @ New Development
8900,318097,234377,NORTH WALL QUAY EAST WALL ROAD EAST LINK BRIDGE
8901,318091,234260,EAST LINK BRIDGE
8902,318427,234108,EAST LINK TOLL SEAN MOORE ROAD (NO SITE)
9001,,,KILMACUD RD. UPPER BLACKHORN AVE **BACKUP**
9023,,,Donore Avenue @ St Catherines (Zebra crossing)
9024,,,Belmont Ave (Zebra crossing)
9112,,,null
9179,,,null
9566,,,null
9745,,,null
9816,318227,235029,DPT 3 TOLL PLAZA-TOLKA QY
9818,318289,235022,DPT 1 BOND ROAD
9832,317084,236109,RICHMOND RD FAIRVIEW STRAND
9909,317084,236109,RICHMOND RD FAIRVIEW STRAND
9911,,,null
9912,,,null
9913,,,null
9944,314455,234529,BLACKHALL PLACE BLACKHALL STREET
9945,314323,234931,MANORSTREET MANOR PLACE KIRWAN STREET
9946,314131,235161,PRUSSIA STREET AUGHRIM PED
9978,,,null
9979,,,null
9989,,,null
9992,,,ROAD A ROAD B
9993,,,null
9994,,,CRATER WEST CRATER EAST THE BOWL (NO SITE)
9995,,,null
9998,,,null
45000,,,null
45001,,,null
51001,,,N11 LOUGHLINSTOWN D (NO SITE)
51002,,,N11 SLIP WYATTVILLE ROAD R118(NO SITE)
51003,,,WYATTVILLE ROAD LOUGHLINSTOWN DRIVE(NO SITE)
51004,,,R118 N11 SLIP(NO SITE)
51005,,,WYATTVILLE CLOSE WYATTVILLE ROAD(NO SITE)
52001,,,MERRION RD AILESBURY RD(NO SITE)
56869,,,YEA THERES A FEW(NO SITE)
56969,,,MAIN SIDE 1 SIDE 2(NO SITE)
NEW,316696,234372,City Quay  Lombard Street East
